"name","comarca","ine","lon","lat","cp"
"Ababuj","Comunidad de Teruel","44001","-0.8082747","40.5489944","44155"
"Abanto","Comunidad de Calatayud","50001","-1.6982436","41.1374118","50375"
"Abejuela","Gúdar-Javalambre","44002","-0.8934389","39.9100741","44422"
"Abiego","Somontano de Barbastro","22001","-0.0702971","42.1211164","22143"
"Abizanda","Sobrarbe","22002","0.1973616","42.2427015","22392"
"Acered","Campo de Daroca","50002","-1.6038527","41.1711374","50347"
"Adahuesca","Somontano de Barbastro","22003","-0.0084522","42.1464637","22147"
"Aguarón","Campo de Cariñena","50004","-1.2704491","41.3384607","50408"
"Aguatón","Comunidad de Teruel","44003","-1.2355695","40.67187","44382"
"Aguaviva","Bajo Aragón","44004","-0.1975081","40.8233188","44566"
"Aguilar del Alfambra","Comunidad de Teruel","44005","-0.7954857","40.5906929","44156"
"Aguilón","Campo de Cariñena","50005","-1.0460453","41.2943156","50155"
"Agón","Campo de Borja","50003","-1.4537398","41.8564973",NA
"Agüero","Plana de Uesca","22004","-0.7942962","42.3548175","22808"
"Ainzón","Campo de Borja","50006","-1.5172315","41.814071","50570"
"Alacón","Andorra-Sierra de Arcos","44006","-0.6974719","41.0234359","44549"
"Aladrén","Campo de Cariñena","50007","-1.1559962","41.2496592","50481"
"Alagón","Ribera Alta del Ebro","50008","-1.1173154","41.7689166","50630"
"Alarba","Comunidad de Calatayud","50009","-1.6135555","41.2049317","50345"
"Alba","Comunidad de Teruel","44007","-1.3457193","40.6179896","44395"
"Albalate de Cinca","Cinca Medio","22007","0.1477435","41.7225971","22534"
"Albalate del Arzobispo","Bajo Martín","44008","-0.5127877","41.1201244","44540"
"Albalatillo","Los Monegros","22008","-0.1515468","41.7365952","22220"
"Albarracín","Sierra de Albarracín","44009","-1.443876","40.4075581","44126"
"Albelda","La Llitera","22009","0.4605568","41.8650547","22558"
"Albentosa","Gúdar-Javalambre","44010","-0.7705142","40.1023933","44477"
"Alberite de San Juan","Campo de Borja","50010","-1.4706617","41.8202655","50529"
"Albero Alto","Plana de Uesca","22011","-0.3377768","42.0510886","22112"
"Albero Bajo","Los Monegros","22012","-0.3801324","42.0237287","22255"
"Alberuela de Tubo","Los Monegros","22013","-0.2147943","41.9079723","22212"
"Albeta","Campo de Borja","50011","-1.500896","41.8273296","50549"
"Alborge","Ribera Baja del Ebro","50012","-0.3565959","41.3348679","50781"
"Alcaine","Cuencas Mineras","44011","-0.7048888","40.9530708","44792"
"Alcalá de Ebro","Ribera Alta del Ebro","50013","-1.1942501","41.8144636","50691"
"Alcalá de Gurrea","Plana de Uesca","22014","-0.6847179","42.0671777","22282"
"Alcalá de Moncayo","Tarazona y el Moncayo","50014","-1.6961168","41.7861005","50591"
"Alcalá de la Selva","Gúdar-Javalambre","44012","-0.7197269","40.3720048","44432"
"Alcalá del Obispo","Plana de Uesca","22015","-0.2910624","42.0768843","22135"
"Alcampell","La Llitera","22016","0.433141","41.9058078","22560"
"Alcañiz","Bajo Aragón","44013","-0.1335373","41.0510353","44600"
"Alcolea de Cinca","Cinca Medio","22017","0.1149925","41.7213895","22410"
"Alconchel de Ariza","Comunidad de Calatayud","50015","-2.1217041","41.2048844",NA
"Alcorisa","Bajo Aragón","44014","-0.3824868","40.8930228","44550"
"Alcubierre","Los Monegros","22018","-0.4537748","41.808249","22251"
"Aldehuela de Liestos","Campo de Daroca","50016","-1.6997629","41.0640787","50374"
"Alerre","Plana de Uesca","22019","-0.4638008","42.1643623","22194"
"Alfajarín","D.C. Zaragoza","50017","-0.7045921","41.6127526","50172"
"Alfambra","Comunidad de Teruel","44016","-1.033481","40.547524","44160"
"Alfamén","Campo de Cariñena","50018","-1.2445873","41.4382975","50461"
"Alforque","Ribera Baja del Ebro","50019","-0.3857244","41.3294461","50783"
"Alfántega","Cinca Medio","22020","0.1481824","41.8287741","22416"
"Alhama de Aragón","Comunidad de Calatayud","50020","-1.8922193","41.2986061","50230"
"Aliaga","Cuencas Mineras","44017","-0.702812","40.6725204","44150"
"Allepuz","Maestrazgo","44021","-0.7253668","40.4920018","44145"
"Alloza","Andorra-Sierra de Arcos","44022","-0.529327","40.968835",NA
"Allueva","Jiloca","44023","-1.0421559","40.9852227","44492"
"Almochuel","Campo de Belchite","50021","-0.5520799","41.2792252","44591"
"Almohaja","Comunidad de Teruel","44018","-1.4377306","40.6051425","44369"
"Almolda (La)","Los Monegros","50022","-0.2115709","41.5523078","50178"
"Almonacid de la Cuba","Campo de Belchite","50023","-0.7922148","41.2809656","50133"
"Almonacid de la Sierra","Valdejalón","50024","-1.3240277","41.3973629","50108"
"Almudévar","Plana de Uesca","22021","-0.5813527","42.0433113","22270"
"Almunia de Doña Godina (La)","Valdejalón","50025","-1.3746587","41.4768441","50100"
"Almunia de San Juan","Cinca Medio","22022","0.2438172","41.9348915","22420"
"Almuniente","Los Monegros","22023","-0.4116345","41.9496021","22255"
"Alobras","Comunidad de Teruel","44019","-1.3877563","40.1812309","44134"
"Alpartir","Valdejalón","50026","-1.3794838","41.4242518","50109"
"Alpeñés","Comunidad de Teruel","44020","-1.0660964","40.7992855","44721"
"Alquézar","Somontano de Barbastro","22024","0.0253621","42.1730098","22145"
"Altorricón","La Llitera","22025","0.4131072","41.8015655","22540"
"Ambel","Campo de Borja","50027","-1.6159815","41.7947097","50546"
"Anadón","Cuencas Mineras","44024","-0.9835605","40.9825822","44212"
"Andorra","Andorra-Sierra de Arcos","44025","-0.4485077","40.9774233","44500"
"Anento","Campo de Daroca","50028","-1.3339683","41.0698209","50369"
"Angüés","Plana de Uesca","22027","-0.1535949","42.1108399","22123"
"Aniñón","Comunidad de Calatayud","50029","-1.7064481","41.4449048","50313"
"Ansó","La Jacetania","22028","-0.8289608","42.7556581","22728"
"Antillón","Plana de Uesca","22029","-0.1626662","42.0356908","22133"
"Aragüés del Puerto","La Jacetania","22032","-0.6710786","42.7065684","22730"
"Aranda de Moncayo","Aranda","50031","-1.7922312","41.577905","50259"
"Arcos de las Salinas","Gúdar-Javalambre","44026","-1.0427543","39.9935636","44421"
"Ardisa","Cinco Villas","50033","-0.7583313","42.201369","50614"
"Arens de Lledó","Matarranya","44027","0.2707715","40.9924641","44622"
"Argavieso","Plana de Uesca","22036","-0.2790256","42.0524832","22135"
"Argente","Comunidad de Teruel","44028","-1.1628966","40.6884724","44165"
"Arguis","Plana de Uesca","22037","-0.4390353","42.3148776","22150"
"Ariza","Comunidad de Calatayud","50034","-2.0579416","41.3114455","50220"
"Ariño","Andorra-Sierra de Arcos","44029","-0.5925944","41.0309533","44547"
"Artieda","La Jacetania","50035","-0.9835574","42.5863891","50683"
"Arándiga","Comunidad de Calatayud","50032","-1.4996863","41.509658","50266"
"Arén","La Ribagorza","22035","0.7218046","42.2580194","22583"
"Asín","Cinco Villas","50036","-1.0460453","42.2838686","50619"
"Atea","Campo de Daroca","50037","-1.5541605","41.1592446","50348"
"Ateca","Comunidad de Calatayud","50038","-1.7952762","41.3296158","50200"
"Ayerbe","Plana de Uesca","22039","-0.6879802","42.2748623","22800"
"Azaila","Bajo Martín","44031","-0.4933037","41.2904702","44590"
"Azanuy-Alins","La Llitera","22040","0.3089777","41.9688245",NA
"Azara","Somontano de Barbastro","22041","-0.0300282","42.0698273","22311"
"Azlor","Somontano de Barbastro","22042","-0.0446135","42.095173","22311"
"Azuara","Campo de Belchite","50039","-0.8710884","41.2587485","50140"
"Aínsa-Sobrarbe","Sobrarbe","22907","0.1403811","42.4146941",NA
"Aísa","La Jacetania","22006","-0.6207126","42.6787387","22860"
"Añón de Moncayo","Tarazona y el Moncayo","50030","-1.7201255","41.7785966","50590"
"Badules","Campo de Daroca","50040","-1.2533064","41.1386889","50491"
"Baells","La Llitera","22043","0.4583451","41.9539194","22569"
"Bagüés","Cinco Villas","50041","-0.9453391","42.5492199","50685"
"Bailo","La Jacetania","22044","-0.810952","42.5094783","22760"
"Balconchán","Campo de Daroca","50042","-1.460689","41.0871773","50366"
"Baldellou","La Llitera","22045","0.5467599","41.9174199","22571"
"Ballobar","Baix Cinca","22046","0.1910644","41.6203582","22234"
"Banastás","Plana de Uesca","22047","-0.4520058","42.181692","22194"
"Barbastro","Somontano de Barbastro","22048","0.1284404","42.0360435","22300"
"Barbués","Los Monegros","22049","-0.4198822","41.9799353","22255"
"Barbuñales","Somontano de Barbastro","22050","-0.0872343","42.0258702","22132"
"Bardallur","Valdejalón","50044","-1.212733","41.6839405","50296"
"Barrachina","Jiloca","44035","-1.1383006","40.8969022","44220"
"Bañón","Jiloca","44034","-1.1899089","40.8395079","44357"
"Bea","Jiloca","44036","-1.1463977","41.0359282","44492"
"Beceite","Matarranya","44037","0.1816936","40.8315669","44588"
"Belchite","Campo de Belchite","50045","-0.7544692","41.3047407","50130"
"Bello","Jiloca","44039","-1.4978716","40.9224865","44232"
"Belmonte de Gracián","Comunidad de Calatayud","50046","-1.5384164","41.3126374","50332"
"Belmonte de San José","Bajo Aragón","44038","-0.0635827","40.8746815","44642"
"Belver de Cinca","Baix Cinca","22052","0.1787657","41.6920452","22533"
"Benabarre","La Ribagorza","22053","0.4803197","42.1087048","22580"
"Benasque","La Ribagorza","22054","0.5228286","42.6042858","22440"
"Beranuy","Ribagorza","22246","0.5942218","42.3669415","22484"
"Berbegal","Somontano de Barbastro","22055","-0.0029143","41.9611832","22131"
"Berdejo","Comunidad de Calatayud","50047","-1.9444375","41.561401","50316"
"Berge","Bajo Aragón","44040","-0.4272477","40.8574774","44556"
"Berrueco","Campo de Daroca","50048","-1.467035","40.9903902","50373"
"Bezas","Sierra de Albarracín","44041","-1.3246301","40.3312921","44121"
"Biel","Cinco Villas","50901","-0.9360877","42.3869563","50619"
"Bielsa","Sobrarbe","22057","0.218018","42.6334211",NA
"Bierge","Somontano de Barbastro","22058","-0.0802249","42.163725","22144"
"Biescas","Alto Gállego","22059","-0.3224793","42.6286287","22630"
"Bijuesca","Comunidad de Calatayud","50050","-1.9200003","41.5405887","50316"
"Binaced","Cinca Medio","22060","0.2016092","41.8257421","22510"
"Binéfar","La Llitera","22061","0.2960544","41.8485199","22500"
"Biota","Cinco Villas","50051","-1.1893085","42.2609165","50695"
"Bisaurri","La Ribagorza","22062","0.5065872","42.4968072","22470"
"Biscarrués","Plana de Uesca","22063","-0.7526868","42.228234","22807"
"Bisimbre","Campo de Borja","50052","-1.443167","41.855699","50561"
"Blancas","Jiloca","44042","-1.4839622","40.8120821","44314"
"Blecua y Torres","Plana de Uesca","22064","-0.1963364","42.087905",NA
"Blesa","Cuencas Mineras","44043","-0.8877756","41.0523775","44790"
"Boltaña","Sobrarbe","22066","0.0664228","42.4446959","22340"
"Bonansa","La Ribagorza","22067","0.6672248","42.4269279","22486"
"Boquiñeni","Ribera Alta del Ebro","50053","-1.2524043","41.8476855","50641"
"Borau","La Jacetania","22068","-0.5881565","42.6581212","22860"
"Bordalba","Comunidad de Calatayud","50054","-2.0796965","41.4172034","50229"
"Bordón","Maestrazgo","44044","-0.3219053","40.6862519","44563"
"Borja","Campo de Borja","50055","-1.5341785","41.8337231","50540"
"Botorrita","D.C. Zaragoza","50056","-1.0286955","41.5054446","50441"
"Brea de Aragón","Aranda","50057","-1.5996085","41.5239322","50246"
"Bronchales","Sierra de Albarracín","44045","-1.5880904","40.5088378","44367"
"Broto","Sobrarbe","22069","-0.1223006","42.6038788","22370"
"Bubierca","Comunidad de Calatayud","50058","-1.8556119","41.3142465","50239"
"Bueña","Jiloca","44046","-1.2668395","40.7082984","44394"
"Bujaraloz","Los Monegros","50059","-0.1530097","41.497428","50177"
"Bulbuente","Campo de Borja","50060","-1.60264","41.8185062","50546"
"Burbáguena","Jiloca","44047","-1.3378849","41.0184328","44330"
"Bureta","Campo de Borja","50061","-1.4887997","41.8150629","50547"
"Burgo de Ebro (El)","D.C. Zaragoza","50062","-0.7419942","41.5719653","50730"
"Buste (El)","Tarazona y el Moncayo","50063","-1.6017305","41.8858758","50548"
"Bádenas","Jiloca","44032","-1.1218114","41.0922199","44491"
"Báguena","Jiloca","44033","-1.3571721","41.0408929","44320"
"Bárboles","Ribera Alta del Ebro","50043","-1.1863063","41.7091213","50297"
"Bárcabo","Sobrarbe","22051","0.0693975","42.2423731","22148"
"Cabañas de Ebro","Ribera Alta del Ebro","50064","-1.1634967","41.7939491","50638"
"Cabolafuente","Comunidad de Calatayud","50065","-2.0407904","41.2113657","50228"
"Cabra de Mora","Gúdar-Javalambre","44048","-0.8076798","40.3172204","44409"
"Cadrete","D.C. Zaragoza","50066","-0.9611608","41.5553673","50420"
"Calaceite","Matarranya","44049","0.1876385","41.0158479","44610"
"Calamocha","Jiloca","44050","-1.299939","40.9173028","44200"
"Calanda","Bajo Aragón","44051","-0.2315018","40.9407849","44570"
"Calatayud","Comunidad de Calatayud","50067","-1.6468455","41.3531678",NA
"Calatorao","Valdejalón","50068","-1.3457193","41.5221752","50280"
"Calcena","Aranda","50069","-1.7179976","41.6563427","50268"
"Caldearenas","Alto Gállego","22072","-0.5006829","42.3973581","22624"
"Calmarza","Comunidad de Calatayud","50070","-1.9117557","41.1576553","50238"
"Calomarde","Sierra de Albarracín","44052","-1.5732428","40.3724984","44126"
"Camarena de la Sierra","Gúdar-Javalambre","44054","-1.0412584","40.1476484","44459"
"Camarillas","Comunidad de Teruel","44055","-0.7538751","40.6125583","44155"
"Camañas","Comunidad de Teruel","44053","-1.1371011","40.643702","44167"
"Caminreal","Jiloca","44056","-1.3230581","40.8393218","44350"
"Campillo de Aragón","Comunidad de Calatayud","50071","-1.8425016","41.1263979","50214"
"Campo","La Ribagorza","22074","0.3954387","42.4085228","22450"
"Camporrells","La Llitera","22075","0.5216472","41.9587631","22570"
"Canal de Berdún","La Jacetania","22076","-0.8484524","42.6066294",NA
"Candasnos","Baix Cinca","22077","0.0635827","41.5018867","22591"
"Canfranc","La Jacetania","22078","-0.5254869","42.71649","22888"
"Cantavieja","Maestrazgo","44059","-0.4048609","40.5253607","44140"
"Capdesaso","Los Monegros","22079","-0.182572","41.8434768","22212"
"Capella","La Ribagorza","22080","0.3966163","42.1967054","22480"
"Carenas","Comunidad de Calatayud","50072","-1.7964943","41.2781842","50212"
"Cariñena","Campo de Cariñena","50073","-1.2241497","41.3370805","50400"
"Casbas de Huesca","Plana de Uesca","22081","-0.1395532","42.1553333","22142"
"Cascante del Río","Comunidad de Teruel","44064","-1.1155172","40.1955648","44191"
"Caspe","Baix Aragó-Casp","50074","-0.0408208","41.2344007","50700"
"Castejón de Alarba","Comunidad de Calatayud","50075","-1.6353946","41.1832643","50346"
"Castejón de Monegros","Los Monegros","22083","-0.2397116","41.6171493","22222"
"Castejón de Sos","La Ribagorza","22084","0.491828","42.5122055","22466"
"Castejón de Tornos","Jiloca","44065","-1.4271618","40.9971941","44231"
"Castejón de Valdejasa","Cinco Villas","50077","-0.9946155","41.9816729","50612"
"Castejón de las Armas","Comunidad de Calatayud","50076","-1.8129417","41.309909","50211"
"Castejón del Puente","Somontano de Barbastro","22082","0.1585692","41.961384","22310"
"Castel de Cabra","Cuencas Mineras","44066","-0.6965819","40.80273","44706"
"Castelflorite","Los Monegros","22085","-0.0218629","41.8038572","22215"
"Castellar (El)","Gúdar-Javalambre","44070","-0.8260373","41.7777803",NA
"Castellote","Maestrazgo","44071","-0.318802","40.799468","44560"
"Castelnou","Bajo Martín","44067","-0.3645379","41.2278672","44592"
"Castelserás","Bajo Aragón","44068","-0.1454032","40.9806785","44630"
"Castiello de Jaca","La Jacetania","22086","-0.5497154","42.6295603","22710"
"Castigaleu","La Ribagorza","22087","0.5794301","42.2037963","22587"
"Castiliscar","Cinco Villas","50078","-1.2734573","42.3757251","50696"
"Castillazuelo","Somontano de Barbastro","22088","0.0650422","42.0685759","22313"
"Castillonroy","La Llitera","22089","0.5133783","41.8856242","22572"
"Cañada Vellida","Comunidad de Teruel","44062","-0.9149068","40.7074924","44168"
"Cañada de Benatanduz","Maestrazgo","44060","-0.536122","40.5791622","44140"
"Cañada de Verich (La)","Bajo Aragón","44061","-0.0995039","40.8661241","44643"
"Cañizar del Olivar","Cuencas Mineras","44063","-0.6458877","40.8159932","44707"
"Cedrillas","Comunidad de Teruel","44074","-0.8538124","40.4363957","44147"
"Celadas","Comunidad de Teruel","44075","-1.1508967","40.475201","44194"
"Cella","Comunidad de Teruel","44076","-1.2818815","40.4521911","44370"
"Cerollera (La)","Bajo Aragón","44077","-0.055702","40.8396009","44651"
"Cervera de la Cañada","Comunidad de Calatayud","50079","-1.7356319","41.43196","50312"
"Cerveruela","Campo de Daroca","50080","-1.2151362","41.2148321","50368"
"Cetina","Comunidad de Calatayud","50081","-1.9624686","41.2905363","50292"
"Chalamera","Baix Cinca","22094","0.1620809","41.6655951","22233"
"Chimillas","Plana de Uesca","22096","-0.4520058","42.1705823","22194"
"Chiprana","Baix Aragó-Casp","50092","-0.1266861","41.2625896","50792"
"Chodes","Valdejalón","50093","-1.4791251","41.4874287","50269"
"Chía","La Ribagorza","22095","0.4652754","42.5209012","22465"
"Cimballa","Comunidad de Calatayud","50082","-1.7742697","41.1016718","50213"
"Cinco Olivas","Ribera Baja del Ebro","50083","-0.371893","41.339834","50782"
"Clarés de Ribota","Comunidad de Calatayud","50084","-1.8385388","41.5297404","50314"
"Codo","Campo de Belchite","50085","-0.7004385","41.3345486","50132"
"Codos","Comunidad de Calatayud","50086","-1.3746587","41.2940092","50326"
"Codoñera (La)","Bajo Aragón","44080","-0.0846056","40.9340415","44640"
"Colungo","Somontano de Barbastro","22090","0.0644584","42.1723773","22148"
"Contamina","Comunidad de Calatayud","50087","-1.9178627","41.3057069","50239"
"Corbalán","Comunidad de Teruel","44082","-0.9862493","40.4035016","44193"
"Cortes de Aragón","Cuencas Mineras","44084","-0.8347577","40.9727127","44791"
"Cosa","Jiloca","44085","-1.1359017","40.8337273","44358"
"Cosuenda","Campo de Cariñena","50088","-1.299939","41.3650739","50409"
"Cretas","Matarranya","44086","0.212649","40.9280108","44623"
"Crivillén","Andorra-Sierra de Arcos","44087","-0.5760288","40.8833765","44557"
"Cuarte de Huerva","D.C. Zaragoza","50089","-0.9331147","41.5962142",NA
"Cuba (La)","Maestrazgo","44088","-106.9521636","36.0486727",NA
"Cubel","Campo de Daroca","50090","-1.6332709","41.0980859","50376"
"Cubla","Comunidad de Teruel","44089","-1.0783712","40.209978","44191"
"Cucalón","Jiloca","44090","-1.2163379","41.0865432","44491"
"Cuerlas (Las)","Campo de Daroca","50091","-1.5511323","40.95965","50373"
"Cuervo (El)","Comunidad de Teruel","44092","-1.544921","41.7315763",NA
"Cuevas Labradas","Comunidad de Teruel","44094","-1.0496358","40.4526149","44162"
"Cuevas de Almudén","Cuencas Mineras","44093","-0.828805","40.7135268","44169"
"Daroca","Campo de Daroca","50094","-1.4144344","41.1144048","50360"
"Ejea de los Caballeros","Cinco Villas","50095","-1.1365014","42.1257236","50600"
"Ejulve","Andorra-Sierra de Arcos","44096","-0.5535578","40.7759716","44559"
"Embid de Ariza","Comunidad de Calatayud","50096","-1.9728628","41.3799619","50239"
"Encinacorba","Campo de Cariñena","50098","-1.2777767","41.2839052","50470"
"Erla","Cinco Villas","50100","-0.9492193","42.1169172","50611"
"Escatrón","Ribera Baja del Ebro","50101","-0.3266073","41.2841606","50790"
"Escorihuela","Comunidad de Teruel","44097","-0.9695219","40.5448988","44161"
"Escucha","Cuencas Mineras","44099","-0.811547","40.7928063","44770"
"Esplús","La Llitera","22099","0.2734488","41.7985628","22535"
"Estada","Somontano de Barbastro","22102","0.2320882","42.0711435","22424"
"Estadilla","Somontano de Barbastro","22103","0.24675","42.0568872","22423"
"Estercuel","Andorra-Sierra de Arcos","44100","-0.6334462","40.8546366","44558"
"Estopiñán del Castillo","La Ribagorza","22105","0.5434741","41.9964626","22589"
"Fabara","Baix Aragó-Casp","50102","0.1698182","41.1777195","50793"
"Fago","La Jacetania","22106","-0.865547","42.7348566","22729"
"Fanlo","Sobrarbe","22107","-0.0212797","42.5874095","22375"
"Farlete","Los Monegros","50104","-0.5080634","41.6810995","50163"
"Fayos (Los)","Tarazona y el Moncayo","50106","-1.7834017","41.8788645","50513"
"Fayón","Baix Aragó-Casp","50105","0.3330735","41.2395794","50795"
"Ferreruela de Huerva","Jiloca","44101","-1.233165","41.0636977","44490"
"Figueruelas","Ribera Alta del Ebro","50107","-1.1748999","41.7658569","50639"
"Fiscal","Sobrarbe","22109","-0.1208388","42.4963256","22373"
"Fombuena","Campo de Daroca","50108","-1.1920106","41.1437395","50491"
"Fonfría","Jiloca","44102","-1.0842049","40.9958308","44492"
"Fonz","Cinca Medio","22110","0.2584835","42.0098276","22422"
"Foradada del Toscar","La Ribagorza","22111","0.351008","42.4108176","22452"
"Formiche Alto","Gúdar-Javalambre","44103","-0.8916504","40.3242616","44440"
"Fortanete","Maestrazgo","44106","-0.5216472","40.5045457","44143"
"Foz-Calanda","Bajo Aragón","44107","-0.2659163","40.9225537","44579"
"Fraga","Baix Cinca","22112","0.3417097","41.5217853","22520"
"Frago (El)","Cinco Villas","50109","-0.9313136","42.2725346","50610"
"Frasno (El)","Comunidad de Calatayud","50110","-1.4960571","41.4146655","50320"
"Fresneda (La)","Matarranya","44108","0.0752607","40.9277346","44596"
"Fréscano","Campo de Borja","50111","-1.4501145","41.873922","50562"
"Frías de Albarracín","Sierra de Albarracín","44109","-1.6147685","40.3378229","44126"
"Fuendejalón","Campo de Borja","50113","-1.4712661","41.7599687","50529"
"Fuendetodos","Campo de Belchite","50114","-0.9593694","41.3433431","50142"
"Fuenferrada","Cuencas Mineras","44110","-1.0122499","40.8686942","44741"
"Fuentes Calientes","Comunidad de Teruel","44111","-0.9760926","40.7003384","44711"
"Fuentes Claras","Jiloca","44112","-1.3198112","40.8633848","44340"
"Fuentes de Ebro","D.C. Zaragoza","50115","-0.6311809","41.5130541","50740"
"Fuentes de Jiloca","Comunidad de Calatayud","50116","-1.5390218","41.2291844","50390"
"Fuentes de Rubielos","Gúdar-Javalambre","44113","-0.618344","40.169539","44415"
"Fuentespalda","Matarranya","44114","0.0635827","40.806389","44587"
"Fueva (La)","Sobrarbe","22113","0.1519651","42.4125178",NA
"Fórnoles","Matarranya","44105","-0.0037887","40.8933387","44650"
"Gallocanta","Campo de Daroca","50117","-1.5081555","40.9974276","50373"
"Gallur","Ribera Alta del Ebro","50118","-1.3143906","41.8662402","50650"
"Galve","Comunidad de Teruel","44115","-0.8812191","40.6560796","44168"
"Gargallo","Andorra-Sierra de Arcos","44116","-0.5828317","40.8349859","44558"
"Gea de Albarracín","Sierra de Albarracín","44117","-1.3475274","40.4113351","44110"
"Gelsa","Ribera Baja del Ebro","50119","-0.4611438","41.4074528","50786"
"Ginebrosa (La)","Bajo Aragón","44118","-0.1345813","40.8705128","44643"
"Gistaín","Sobrarbe","22114","0.336307","42.5912064","22367"
"Godojos","Comunidad de Calatayud","50120","-1.8641509","41.2677025","50238"
"Gotor","Aranda","50121","-1.6487462","41.5463439","50257"
"Grado (El)","Somontano de Barbastro","22115","0.2230006","42.1518058","22390"
"Graus","La Ribagorza","22117","0.3377768","42.190723","22430"
"Grañén","Los Monegros","22116","-0.3695392","41.9395167","22260"
"Griegos","Sierra de Albarracín","44119","-1.7119185","40.4256358","44114"
"Grisel","Tarazona y el Moncayo","50122","-1.72803","41.8710209","50513"
"Grisén","Ribera Alta del Ebro","50123","-1.1634967","41.7454472","50297"
"Guadalaviar","Sierra de Albarracín","44120","-1.7176937","40.3882921","44115"
"Gurrea de Gállego","Plana de Uesca","22119","-0.7610053","42.0156524","22280"
"Gúdar","Gúdar-Javalambre","44121","-0.7204834","40.4413521","44433"
"Herrera de los Navarros","Campo de Daroca","50124","-1.0813656","41.2092516","50150"
"Hinojosa de Jarque","Cuencas Mineras","44123","-0.7847817","40.6897479","44157"
"Hoz de Jaca","Alto Gállego","22122","-0.3060402","42.6907039","22662"
"Hoz de la Vieja (La)","Cuencas Mineras","44124","-0.8448794","40.9240444","44791"
"Hoz y Costeán","Somontano de Barbastro","22908","0.1214235","42.1473263",NA
"Huerto","Los Monegros","22124","-0.1676417","41.9313073","22210"
"Huesa del Común","Cuencas Mineras","44125","-0.9181876","41.0099182","44213"
"Huesca","Plana de Uesca","22125","-0.4078058","42.131845",NA
"Híjar","Bajo Martín","44122","-0.4490575","41.1732193","44530"
"Ibdes","Comunidad de Calatayud","50125","-1.833662","41.2179778","50236"
"Ibieca","Plana de Uesca","22126","-0.2083477","42.1610949","22122"
"Iglesuela del Cid (La)","Maestrazgo","44126","-0.3189668","40.4823794","44142"
"Igriés","Plana de Uesca","22127","-0.4319623","42.2150841","22193"
"Ilche","Somontano de Barbastro","22128","0.0575991","41.956056","22415"
"Illueca","Aranda","50126","-1.6262936","41.5385462","50250"
"Isuerre","Cinco Villas","50128","-1.0553215","42.4887872","50687"
"Isábena","La Ribagorza","22129","0.5446912","42.2941076",NA
"Jabaloyas","Sierra de Albarracín","44127","-1.4102571","40.2396488","44122"
"Jaca","La Jacetania","22130","-0.5470554","42.5717166","22700"
"Jaraba","Comunidad de Calatayud","50129","-1.8848954","41.190774","50237"
"Jarque","Aranda","50130","-1.674247","41.5559643","50258"
"Jarque de la Val","Cuencas Mineras","44128","-0.8014336","40.7023117","44169"
"Jasa","La Jacetania","22131","-0.6660391","42.6940711","22731"
"Jatiel","Bajo Martín","44129","-0.3816039","41.2196472","44592"
"Jaulín","D.C. Zaragoza","50131","-0.9934202","41.4513654","50141"
"Jorcas","Comunidad de Teruel","44130","-0.7526868","40.5426954","44156"
"Josa","Cuencas Mineras","44131","-0.7669481","40.9567779","44792"
"Joyosa (La)","Ribera Alta del Ebro","50132","-1.0735806","41.7450751","50692"
"Labuerda","Sobrarbe","22133","0.1345813","42.4499721","22360"
"Lagata","Campo de Belchite","50133","-0.8050027","41.2397675","50134"
"Lagueruela","Jiloca","44132","-1.1923109","41.0427097","44492"
"Laluenga","Somontano de Barbastro","22135","-0.0475312","42.005464","22125"
"Lalueza","Los Monegros","22136","-0.2578967","41.8417802","22214"
"Lanaja","Los Monegros","22137","-0.3289585","41.7713729","22250"
"Langa del Castillo","Campo de Daroca","50134","-1.39879","41.2108711","50367"
"Lanzuela","Jiloca","44133","-1.2058244","41.0989276","44491"
"Laperdiguera","Somontano de Barbastro","22139","-0.045197","41.9899828","22126"
"Lascellas-Ponzano","Somontano de Barbastro","22141","-0.0840215","42.0682544",NA
"Lascuarre","La Ribagorza","22142","0.5154453","42.1983941","22586"
"Laspaúles","La Ribagorza","22143","0.5982165","42.4705955","22471"
"Laspuña","Sobrarbe","22144","0.1547652","42.5036462","22361"
"Layana","Cinco Villas","50135","-1.2451885","42.2966658","50679"
"Lechón","Campo de Daroca","50138","-1.2839878","41.0867562","50369"
"Leciñena","Los Monegros","50137","-0.612127","41.797573","50160"
"Letux","Campo de Belchite","50139","-0.8026233","41.2548506","50136"
"Libros","Comunidad de Teruel","44135","-1.2340667","40.162074","44132"
"Lidón","Comunidad de Teruel","44136","-1.111921","40.7174925","44164"
"Linares de Mora","Gúdar-Javalambre","44137","-0.5748458","40.3221153","44412"
"Litago","Tarazona y el Moncayo","50140","-1.7535775","41.8141346","50582"
"Lituénigo","Tarazona y el Moncayo","50141","-1.761488","41.8357519","50581"
"Lledó","Matarranya","44141","0.2775579","40.9555155","44624"
"Loarre","Plana de Uesca","22149","-0.6257463","42.3140139","22809"
"Lobera de Onsella","Cinco Villas","50142","-1.0221165","42.4783497","50687"
"Longares","Campo de Cariñena","50143","-1.1682977","41.4021734","50460"
"Longás","Cinco Villas","50144","-0.9350433","42.4807779","50688"
"Loporzano","Plana de Uesca","22150","-0.3233746","42.1614468","22192"
"Loscorrales","Plana de Uesca","22151","-0.6423326","42.2547927","22809"
"Loscos","Jiloca","44138","-1.0436518","41.0819348","44493"
"Lucena de Jalón","Valdejalón","50146","-1.3119816","41.5525367","50294"
"Luceni","Ribera Alta del Ebro","50147","-1.2421823","41.8273021","50640"
"Luesia","Cinco Villas","50148","-1.0221165","42.3690095","50619"
"Luesma","Campo de Daroca","50149","-1.1457978","41.1662135","50151"
"Lumpiaque","Valdejalón","50150","-1.3023473","41.6300008","50295"
"Luna","Cinco Villas","50151","-0.932507","42.166459","50610"
"Lupiñén-Ortilla","Plana de Uesca","22905","-0.6298922","42.1654255",NA
"Lécera","Campo de Belchite","50136","-0.7093397","41.2045946","50131"
"Maella","Baix Aragó-Casp","50152","0.1395532","41.1230647","50710"
"Magallón","Campo de Borja","50153","-1.4615955","41.8321822","50520"
"Maicas","Cuencas Mineras","44142","-0.8907562","40.9672484","44791"
"Mainar","Campo de Daroca","50154","-1.3029493","41.1925166","50368"
"Malanquilla","Comunidad de Calatayud","50155","-1.8751321","41.5691003","50315"
"Maleján","Campo de Borja","50156","-1.5485504","41.8278361",NA
"Mallén","Campo de Borja","50160","-1.4168974","41.8985325","50550"
"Maluenda","Comunidad de Calatayud","50159","-1.6171946","41.2889872","50340"
"Malón","Tarazona y el Moncayo","50157","-1.6718177","41.9527728","50511"
"Manchones","Campo de Daroca","50161","-1.467035","41.1503237","50366"
"Manzanera","Gúdar-Javalambre","44143","-0.831186","40.0571362","44420"
"Mara","Comunidad de Calatayud","50162","-1.5190469","41.289065","50331"
"Marracos","Cinco Villas","50902","-0.7767556","42.0894716","50616"
"Martín del Río","Cuencas Mineras","44144","-0.896718","40.8446785","44750"
"María de Huerva","D.C. Zaragoza","50163","-0.9946155","41.540099","50430"
"Mas de las Matas","Bajo Aragón","44145","-0.2420576","40.8333537","44564"
"Mata de los Olmos (La)","Bajo Aragón","44146","-0.5222379","40.8653052","44557"
"Mazaleón","Matarranya","44147","0.1044712","41.0488069","44621"
"Mediana de Aragón","D.C. Zaragoza","50164","-0.7087462","41.4659715","50135"
"Mequinenza","Baix Cinca","50165","0.3007533","41.3719971","50170"
"Mesones de Isuela","Aranda","50166","-1.5408381","41.5528292","50267"
"Mezalocha","Campo de Cariñena","50167","-1.0828629","41.4258501","50152"
"Mezquita de Jarque","Cuencas Mineras","44148","-0.8657261","40.7208607","44169"
"Mianos","La Jacetania","50168","-0.953697","42.5834567","50683"
"Miedes de Aragón","Comunidad de Calatayud","50169","-1.490614","41.2574386","50330"
"Mirambel","Maestrazgo","44149","-0.3424807","40.5878351","44141"
"Miravete de la Sierra","Maestrazgo","44150","-0.6936156","40.5757864","44159"
"Molinos","Maestrazgo","44151","-0.4508264","40.819447","44556"
"Monegrillo","Los Monegros","50170","-0.4160527","41.6390946","50164"
"Monesma y Cajigar","La Ribagorza","22155","0.610943","42.2247573",NA
"Moneva","Campo de Belchite","50171","-0.8347577","41.127686","50144"
"Monflorite-Lascasas","Plana de Uesca","22156","-0.3654204","42.0874927",NA
"Monforte de Moyuela","Jiloca","44152","-1.0146416","41.0547988","44493"
"Monreal de Ariza","Comunidad de Calatayud","50172","-2.1069816","41.290499","50291"
"Monreal del Campo","Jiloca","44153","-1.3553635","40.7877194","44300"
"Monroyo","Matarranya","44154","-0.0332365","40.7874171","44652"
"Montalbán","Cuencas Mineras","44155","-0.8002439","40.8327391","44700"
"Montanuy","La Ribagorza","22157","0.6942088","42.4657598","22487"
"Monteagudo del Castillo","Comunidad de Teruel","44156","-0.8180922","40.4570244","44146"
"Monterde","Comunidad de Calatayud","50173","-1.7350237","41.1730139","50213"
"Monterde de Albarracín","Sierra de Albarracín","44157","-1.4912187","40.496134","44368"
"Montón","Comunidad de Calatayud","50174","-1.5142059","41.2075323","50391"
"Monzón","Cinca Medio","22158","0.1928216","41.9157645","22400"
"Mora de Rubielos","Gúdar-Javalambre","44158","-0.7520927","40.2515227","44400"
"Morata de Jalón","Valdejalón","50175","-1.4785205","41.4755606","50260"
"Morata de Jiloca","Comunidad de Calatayud","50176","-1.5868782","41.2467425","50344"
"Moros","Comunidad de Calatayud","50178","-1.8272621","41.3983208","50215"
"Morés","Comunidad de Calatayud","50177","-1.5650636","41.4725443","50240"
"Moscardón","Sierra de Albarracín","44159","-1.5371541","40.3323732","44124"
"Mosqueruela","Gúdar-Javalambre","44160","-0.4484679","40.3609384","44410"
"Moyuela","Campo de Belchite","50179","-0.9235568","41.12764","50143"
"Mozota","D.C. Zaragoza","50180","-1.0675931","41.4844678","50440"
"Muel","Campo de Cariñena","50181","-1.0874758","41.4670056","50450"
"Muela (La)","Valdejalón","50182","-1.1173154","41.5820467","50196"
"Muniesa","Cuencas Mineras","44161","-0.811547","41.0327755","44780"
"Munébrega","Comunidad de Calatayud","50183","-1.7058403","41.2513238","50219"
"Murero","Campo de Daroca","50184","-1.4827528","41.1589252","50366"
"Murillo de Gállego","Plana de Uesca","50185","-0.7517956","42.3363391","22808"
"Naval","Somontano de Barbastro","22160","0.1509617","42.1945131","22320"
"Navardún","Cinco Villas","50186","-1.1466976","42.5127535","50686"
"Nigüella","Comunidad de Calatayud","50187","-1.5238885","41.536822","50269"
"Noguera de Albarracín","Sierra de Albarracín","44163","-1.5968802","40.4587842","44113"
"Nogueras","Jiloca","44164","-1.0672937","41.1348948","44497"
"Nogueruelas","Gúdar-Javalambre","44165","-0.6367043","40.2365616","44414"
"Nombrevilla","Campo de Daroca","50188","-1.3583778","41.1063616","50369"
"Nonaspe","Baix Aragó-Casp","50189","0.2461635","41.2083936","50794"
"Novales","Plana de Uesca","22162","-0.2872454","42.0326627","22113"
"Novallas","Tarazona y el Moncayo","50190","-1.6961168","41.9474604","50510"
"Novillas","Campo de Borja","50191","-1.394566","41.9329108","50530"
"Nueno","Plana de Uesca","22163","-0.4388954","42.2667488","22150"
"Nuez de Ebro","D.C. Zaragoza","50193","-0.6808628","41.5929343",NA
"Nuévalos","Comunidad de Calatayud","50192","-1.7885774","41.2111486","50210"
"Obón","Cuencas Mineras","44167","-0.7225718","40.9045575","44792"
"Odón","Jiloca","44168","-1.5679172","40.8841723","44233"
"Ojos Negros","Jiloca","44169","-1.5002911","40.7378197","44313"
"Olba","Gúdar-Javalambre","44171","-0.6257463","40.1327101","44479"
"Oliete","Andorra-Sierra de Arcos","44172","-0.671375","40.9983733","44548"
"Olmos (Los)","Bajo Aragón","44173","-0.4871063","40.87715","44557"
"Olvena","Somontano de Barbastro","22164","0.2605372","42.1084847","22439"
"Olvés","Comunidad de Calatayud","50194","-1.6475322","41.2396166","50341"
"Ontiñena","Baix Cinca","22165","0.0881106","41.6765782","22232"
"Orcajo","Campo de Daroca","50195","-1.4887997","41.1097899","50366"
"Orera","Comunidad de Calatayud","50196","-1.4791251","41.2983632","50331"
"Orihuela del Tremedal","Sierra de Albarracín","44174","-1.6505672","40.5505495","44366"
"Orrios","Comunidad de Teruel","44175","-0.9877431","40.5857218","44161"
"Orés","Cinco Villas","50197","-1.0020868","42.2784083","50619"
"Oseja","Aranda","50198","-1.7000667","41.5964543","50258"
"Osera de Ebro","D.C. Zaragoza","50199","-0.579578","41.534186","50175"
"Osso de Cinca","Baix Cinca","22167","0.1910644","41.6664853","22532"
"Palo","Sobrarbe","22168","0.244697","42.3231492","22337"
"Palomar de Arroyos","Cuencas Mineras","44176","-0.7503104","40.7799283","44708"
"Pancrudo","Comunidad de Teruel","44177","-1.0283965","40.7622836","44720"
"Paniza","Campo de Cariñena","50200","-1.2109306","41.2832962","50480"
"Panticosa","Alto Gállego","22170","-0.2842732","42.7237286","22661"
"Paracuellos de Jiloca","Comunidad de Calatayud","50201","-1.641463","41.3149806","50342"
"Paracuellos de la Ribera","Comunidad de Calatayud","50202","-1.5626404","41.4225441","50299"
"Parras de Castellote (Las)","Bajo Aragón","44178","-0.2449903","40.775769","44566"
"Pastriz","D.C. Zaragoza","50203","-0.7826524","41.6187601",NA
"Pedrola","Ribera Alta del Ebro","50204","-1.2185371","41.7851062","50690"
"Pedrosas (Las)","Cinco Villas","50205","-0.8761534","42.0374244","50612"
"Peracense","Jiloca","44180","-1.4694527","40.6412339","44369"
"Peralejos","Comunidad de Teruel","44181","-1.0340792","40.4832994","44162"
"Perales del Alfambra","Comunidad de Teruel","44182","-1.0017879","40.6347987","44163"
"Peralta de Alcofea","Somontano de Barbastro","22174","-0.0670857","41.9314097","22210"
"Peralta de Calasanz","La Llitera","22175","0.3936722","42.0181122",NA
"Peraltilla","Somontano de Barbastro","22176","-0.0180724","42.0552942","22311"
"Perarrúa","La Ribagorza","22177","0.3515962","42.2674479","22460"
"Perdiguera","Los Monegros","50206","-0.6328539","41.7520683","50161"
"Pertusa","Plana de Uesca","22178","-0.1269785","42.0023077","22132"
"Peñalba","Los Monegros","22172","-0.0367367","41.5018984","22592"
"Peñarroya de Tastavins","Matarranya","44179","0.0559939","40.7361186",NA
"Peñas de Riglos (Las)","Plana de Uesca","22173","-0.7264394","42.3485414","22808"
"Piedratajada","Cinco Villas","50207","-0.80649","42.1201676","50616"
"Pina de Ebro","Ribera Baja del Ebro","50208","-0.5269639","41.4888263","50750"
"Pinseque","Ribera Alta del Ebro","50209","-1.0999358","41.7373609","50298"
"Pintanos (Los)","Cinco Villas","50210","-1.0011902","42.526988",NA
"Piracés","Plana de Uesca","22181","-0.3189668","42.0053418","22268"
"Pitarque","Maestrazgo","44183","-0.593482","40.6480771","44555"
"Plan","Sobrarbe","22182","0.3374829","42.5807918","22367"
"Plasencia de Jalón","Valdejalón","50211","-1.2307607","41.6812583","50296"
"Pleitas","Ribera Alta del Ebro","50212","-1.2020702","41.7116037","50297"
"Plenas","Campo de Belchite","50213","-0.9647439","41.1128326","50143"
"Plou","Cuencas Mineras","44184","-0.8550036","40.992748","44213"
"Pobo (El)","Comunidad de Teruel","44185","-0.8609602","40.5076116","44155"
"Poleñino","Los Monegros","22184","-0.3095652","41.8702148","22216"
"Pomer","Aranda","50214","-1.8409774","41.6382447","50259"
"Portellada (La)","Matarranya","44187","0.0565776","40.8822681","44589"
"Pozondón","Sierra de Albarracín","44189","-1.4718706","40.5612144","44368"
"Pozuel de Ariza","Comunidad de Calatayud","50215","-2.1560753","41.3522636",NA
"Pozuel del Campo","Jiloca","44190","-1.5069455","40.77129","44315"
"Pozuelo de Aragón","Campo de Borja","50216","-1.422935","41.7630628","50529"
"Pozán de Vero","Somontano de Barbastro","22186","0.0329448","42.0815757","22313"
"Pradilla de Ebro","Ribera Alta del Ebro","50217","-1.2632303","41.8612258","50668"
"Puebla de Albortón","Campo de Belchite","50218","-0.8526212","41.3836473","50137"
"Puebla de Alfindén (La)","D.C. Zaragoza","50219","-0.7497163","41.6324217","50171"
"Puebla de Castro (La)","La Ribagorza","22187","0.2753304","41.7689477",NA
"Puebla de Híjar (La)","Bajo Martín","44191","-0.438595","41.2244",NA
"Puebla de Valverde (La)","Gúdar-Javalambre","44192","-0.9301201","40.2253186","44450"
"Puendeluna","Cinco Villas","50220","-0.7575886","42.1530802","50614"
"Puente de Montañana","La Ribagorza","22188","0.695692","42.1508466",NA
"Puente la Reina de Jaca","La Jacetania","22902","-0.7871602","42.5586836","22753"
"Puertomingalvo","Gúdar-Javalambre","44193","-0.459967","40.2648619","44411"
"Pueyo de Araguás (El)","Sobrarbe","22190","0.161398","42.47327","22338"
"Pueyo de Santa Cruz","Cinca Medio","22193","0.1562283","41.857177","22416"
"Purujosa","Aranda","50221","-1.7662046","41.682242","50268"
"Puértolas","Sobrarbe","22189","0.1322418","42.5475135",NA
"Quicena","Plana de Uesca","22195","-0.3598313","42.1471369","22191"
"Quinto","Ribera Baja del Ebro","50222","-0.4970165","41.4249127","50770"
"Remolinos","Ribera Alta del Ebro","50223","-1.177301","41.8379205","50637"
"Retascón","Campo de Daroca","50224","-1.3809918","41.144781","50367"
"Ricla","Valdejalón","50225","-1.4036179","41.506493","50270"
"Rillo","Comunidad de Teruel","44195","-0.9970062","40.7223398","44712"
"Riodeva","Comunidad de Teruel","44196","-1.1463977","40.1181811","44133"
"Robres","Los Monegros","22197","-0.4608517","41.867847","22252"
"Romanos","Campo de Daroca","50227","-1.2752624","41.1261833","50491"
"Royuela","Sierra de Albarracín","44198","-1.5117856","40.3774574","44125"
"Rubiales","Sierra de Albarracín","44199","-1.2719532","40.276048","44121"
"Rubielos de Mora","Gúdar-Javalambre","44201","-0.6541841","40.1901266","44415"
"Rubielos de la Cérida","Jiloca","44200","-1.2115314","40.7696927","44166"
"Rueda de Jalón","Valdejalón","50228","-1.274059","41.6334336","50295"
"Ruesca","Comunidad de Calatayud","50229","-1.4822716","41.2824197","50331"
"Ráfales","Matarranya","44194","0.0201134","40.8370831","44589"
"Ródenas","Sierra de Albarracín","44197","-1.5154161","40.640642","44310"
"Sabiñánigo","Alto Gállego","22199","-0.3638114","42.5193594","22600"
"Sahún","La Ribagorza","22200","0.4652754","42.5760582","22468"
"Salas Altas","Somontano de Barbastro","22201","0.0717569","42.1158635","22314"
"Salas Bajas","Somontano de Barbastro","22202","0.0843136","42.1007139","22314"
"Salcedillo","Cuencas Mineras","44203","-1.0044779","40.9622163","44793"
"Saldón","Sierra de Albarracín","44204","-1.4271618","40.3262502","44122"
"Salillas","Plana de Uesca","22203","-0.2235868","41.9934909","22110"
"Salillas de Jalón","Valdejalón","50231","-1.3240277","41.5673795",NA
"Sallent de Gállego","Alto Gállego","22204","-0.3321178","42.7716575","22640"
"Salvatierra de Esca","La Jacetania","50232","-1.004179","42.6683868","50684"
"Samper de Calanda","Bajo Martín","44205","-0.3899502","41.1901169","44520"
"Samper del Salz","Campo de Belchite","50233","-0.8248722","41.2346969","50134"
"San Agustín","Gúdar-Javalambre","44206","-0.6924291","40.0590063","44480"
"San Esteban de Litera","La Llitera","22205","0.3269012","41.9052276","22512"
"San Juan de Plan","Sobrarbe","22207","0.345715","42.588729","22367"
"San Martín de la Virgen de Moncayo","Tarazona y el Moncayo","50234","-1.7919267","41.8371455","50584"
"San Martín del Río","Jiloca","44207","-1.3873259","41.0657298","44390"
"San Mateo de Gállego","D.C. Zaragoza","50235","-0.7651651","41.8302127","50840"
"San Miguel del Cinca","Cinca Medio","22903","0.0933686","41.820289",NA
"Sangarrén","Los Monegros","22206","-0.433141","42.0185896","22100"
"Santa Cilia","La Jacetania","22208","-0.714801","42.5600828","22791"
"Santa Cruz de Grío","Valdejalón","50236","-1.4307851","41.3704169","50324"
"Santa Cruz de Moncayo","Tarazona y el Moncayo","50237","-1.7572283","41.8823688","50513"
"Santa Cruz de Nogueras","Jiloca","44208","-1.0894516","41.1145565","44497"
"Santa Cruz de la Serós","La Jacetania","22209","-0.6740433","42.522933","22792"
"Santa Eulalia","Comunidad de Teruel","44209","-1.3143906","40.5675532","44360"
"Santa Eulalia de Gállego","Plana de Uesca","50238","-0.7610053","42.2861061","22806"
"Santa María de Dulcis","Somontano de Barbastro","22906","0.0233208","42.1226802",NA
"Santaliestra y San Quílez","La Ribagorza","22212","0.3465971","42.3244261",NA
"Santed","Campo de Daroca","50239","-1.508458","41.0324035","50373"
"Sariñena","Los Monegros","22213","-0.1576913","41.7916307","22200"
"Sarrión","Gúdar-Javalambre","44210","-0.811547","40.1411609","44460"
"Saviñán","Comunidad de Calatayud","50241","-1.5656694","41.4443981","50299"
"Secastilla","La Ribagorza","22214","0.2675794","42.1813425","22439"
"Sediles","Comunidad de Calatayud","50242","-1.5308491","41.3462691","50334"
"Segura de los Baños","Cuencas Mineras","44211","-0.9504133","40.9402704","44793"
"Seira","La Ribagorza","22215","0.4300469","42.4803994","22463"
"Sena","Los Monegros","22217","-0.0449053","41.7164582","22230"
"Seno","Bajo Aragón","44212","-0.3380708","40.8125561","44561"
"Senés de Alcubierre","Los Monegros","22218","-0.4899098","41.9072864","22253"
"Sesa","Plana de Uesca","22220","-0.2449903","41.995615","22110"
"Sestrica","Aranda","50243","-1.5953646","41.4858807","50248"
"Sesué","La Ribagorza","22221","0.4720594","42.5506043","22467"
"Sierra de Luna","Cinco Villas","50244","-0.9095388","42.0476839","50612"
"Sigüés","La Jacetania","50245","-1.0113531","42.6304036","50682"
"Singra","Jiloca","44213","-1.3113794","40.6558167","44382"
"Sisamón","Comunidad de Calatayud","50246","-2.0046718","41.1711653","50227"
"Siétamo","Plana de Uesca","22222","-0.2813739","42.1303701","22120"
"Sobradiel","Ribera Alta del Ebro","50247","-1.0376296","41.7390709","50629"
"Sopeira","La Ribagorza","22223","0.7464491","42.31668","22583"
"Sos del Rey Católico","Cinco Villas","50248","-1.2175396","42.4936258","50680"
"Sotonera (La)","Plana de Uesca","22904","-0.5446912","42.2546799",NA
"Sádaba","Cinco Villas","50230","-1.2710508","42.2822195","50670"
"Sástago","Ribera Baja del Ebro","50240","-0.3460225","41.3226736","50780"
"Tabuenca","Campo de Borja","50249","-1.5432601","41.6949364","50547"
"Talamantes","Campo de Borja","50250","-1.6788023","41.7306976","50546"
"Tamarite de Litera","La Llitera","22225","0.4213552","41.8673774","22550"
"Tarazona","Tarazona y el Moncayo","50251","-1.7222535","41.9042972","50500"
"Tardienta","Los Monegros","22226","-0.5374372","41.9797955","22240"
"Tauste","Cinco Villas","50252","-1.2578169","41.9202247","50660"
"Tella-Sin","Sobrarbe","22227","0.1963364","42.5802006",NA
"Terrer","Comunidad de Calatayud","50253","-1.7161738","41.3270579","50293"
"Terriente","Sierra de Albarracín","44215","-1.5045256","40.2959264","44120"
"Teruel","Comunidad de Teruel","44216","-1.1064345","40.3456879",NA
"Tierga","Aranda","50254","-1.6050655","41.6081052","50269"
"Tierz","Plana de Uesca","22228","-0.3533607","42.1323338","22192"
"Tobed","Comunidad de Calatayud","50255","-1.3993934","41.3382239","50325"
"Tolva","La Ribagorza","22229","0.564496","42.1148114","22585"
"Toril y Masegoso","Sierra de Albarracín","44217","-1.5111806","40.2275199",NA
"Torla","Sobrarbe","22230","-0.1126542","42.6286775","22376"
"Tormón","Comunidad de Teruel","44218","-1.3532537","40.2023081","44134"
"Tornos","Jiloca","44219","-1.4344087","40.9617866","44230"
"Torralba de Aragón","Los Monegros","22232","-0.5107207","41.9343277","22254"
"Torralba de Ribota","Comunidad de Calatayud","50257","-1.6839656","41.417084","50311"
"Torralba de los Frailes","Campo de Daroca","50256","-1.6608876","41.0369306","50374"
"Torralba de los Sisones","Jiloca","44220","-1.4591782","40.8901439","44359"
"Torralbilla","Campo de Daroca","50258","-1.3378849","41.2097078","50368"
"Torre de Arcas","Matarranya","44223","-0.0679615","40.7516306","44653"
"Torre de las Arcas","Cuencas Mineras","44224","-0.7182428","40.8408648","44709"
"Torre del Compte","Matarranya","44225","0.109147","40.9352836","44597"
"Torre la Ribera","La Ribagorza","22233","0.52593","42.3721935","22483"
"Torre los Negros","Jiloca","44227","-1.0975392","40.8530641","44358"
"Torrecilla de Alcañiz","Bajo Aragón","44221","-0.0922001","40.9599133","44640"
"Torrecilla del Rebollar","Jiloca","44222","-1.0711855","40.9101741","44222"
"Torrehermosa","Comunidad de Calatayud","50259","-2.1290671","41.2373962",NA
"Torrelacárcel","Comunidad de Teruel","44226","-1.3005411","40.6140624","44382"
"Torrelapaja","Comunidad de Calatayud","50260","-1.9505489","41.5818875","50316"
"Torrellas","Tarazona y el Moncayo","50261","-1.7703131","41.8955059",NA
"Torremocha de Jiloca","Comunidad de Teruel","44228","-1.2945209","40.5887354","44381"
"Torrente de Cinca","Baix Cinca","22234","0.3354251","41.4726619","22590"
"Torres de Albarracín","Sierra de Albarracín","44229","-1.5320598","40.4278316","44111"
"Torres de Alcanadre","Somontano de Barbastro","22235","-0.1106083","41.967017","22132"
"Torres de Barbués","Los Monegros","22236","-0.4316676","41.9600649","22255"
"Torres de Berrellén","Ribera Alta del Ebro","50262","-1.0645997","41.7569772","50693"
"Torrevelilla","Bajo Aragón","44230","-0.110316","40.9024459","44641"
"Torrijas","Gúdar-Javalambre","44231","-0.9572794","40.0225156","44421"
"Torrijo de la Cañada","Comunidad de Calatayud","50263","-1.8745219","41.4723094","50217"
"Torrijo del Campo","Jiloca","44232","-1.3408979","40.8233141",NA
"Tosos","Campo de Cariñena","50264","-1.0714849","41.3157174","50154"
"Tramacastiel","Comunidad de Teruel","44234","-1.2394769","40.1895139","44133"
"Tramacastilla","Sierra de Albarracín","44235","-1.5732428","40.430464","44112"
"Tramaced","Plana de Uesca","22239","-0.2969354","41.9728835","22268"
"Trasmoz","Tarazona y el Moncayo","50265","-1.7225575","41.826404","50583"
"Trasobares","Aranda","50266","-1.641463","41.6437492","50268"
"Tronchón","Maestrazgo","44236","-0.397794","40.6206746","44141"
"Uncastillo","Cinco Villas","50267","-1.1317041","42.3599895","50678"
"Undués de Lerda","Cinco Villas","50268","-1.169498","42.5652333","50689"
"Urrea de Gaén","Bajo Martín","44237","-0.4702895","41.1605609","44593"
"Urrea de Jalón","Valdejalón","50269","-1.2343672","41.667516","50296"
"Urriés","Cinco Villas","50270","-1.1298768","42.5193411","50685"
"Used","Campo de Daroca","50271","-1.5608232","41.0553316","50374"
"Utebo","D.C. Zaragoza","50272","-0.9986738","41.7087277",NA
"Utrillas","Cuencas Mineras","44238","-0.8472614","40.8127974","44760"
"Val de San Martín","Campo de Daroca","50274","-1.4473958","41.0571216","50372"
"Valacloche","Comunidad de Teruel","44239","-1.0918478","40.1909948","44191"
"Valbona","Gúdar-Javalambre","44240","-0.810952","40.2287673","44430"
"Valdealgorfa","Bajo Aragón","44241","-0.0344032","40.9908564","44594"
"Valdecuenca","Sierra de Albarracín","44243","-1.4081445","40.2980923","44122"
"Valdehorna","Campo de Daroca","50273","-1.4235388","41.072846","50371"
"Valdelinares","Gúdar-Javalambre","44244","-0.606503","40.3917713","44413"
"Valdeltormo","Matarranya","44245","0.0834374","40.9870473","44620"
"Valderrobres","Matarranya","44246","0.1535949","40.8733331","44580"
"Valfarta","Los Monegros","22242","-0.1334115","41.5577315","22223"
"Valjunquera","Matarranya","44247","0.0250705","40.9530057","44595"
"Valle de Bardají","La Ribagorza","22243","0.4366934","42.4303807","22451"
"Valle de Hecho","La Jacetania","22901","-0.7342734","42.7248135",NA
"Valle de Lierp","La Ribagorza","22244","0.485644","42.3855951","22451"
"Vallecillo (El)","Sierra de Albarracín","44249","-1.5674869","40.2350785","44123"
"Valmadrid","Campo de Belchite","50275","-0.8844972","41.4438068","50138"
"Valpalmas","Cinco Villas","50276","-0.8553014","42.1587244","50615"
"Valtorres","Comunidad de Calatayud","50277","-1.741106","41.2984744",NA
"Veguillas de la Sierra","Comunidad de Teruel","44250","-1.4048592","40.1542949","44134"
"Velilla de Cinca","Baix Cinca","22245","0.2602438","41.5865382","22528"
"Velilla de Ebro","Ribera Baja del Ebro","50278","-0.4369722","41.3743809","50760"
"Velilla de Jiloca","Comunidad de Calatayud","50279","-1.60264","41.2741355","50343"
"Vencillón","La Llitera","22909","0.324844","41.7048033","22549"
"Vera de Moncayo","Tarazona y el Moncayo","50280","-1.6863956","41.824765","50580"
"Viacamp y Litera","La Ribagorza","22247","0.658333","42.0960818",NA
"Vicién","Plana de Uesca","22248","-0.4413932","42.0556872","22190"
"Vierlas","Tarazona y el Moncayo","50281","-1.681232","41.9275349",NA
"Villadoz","Campo de Daroca","50283","-1.287298","41.1625242","50490"
"Villafeliche","Comunidad de Calatayud","50284","-1.5105756","41.1962725","50391"
"Villafranca de Ebro","D.C. Zaragoza","50285","-0.6506283","41.575013",NA
"Villafranca del Campo","Jiloca","44251","-1.346322","40.6947269","44394"
"Villahermosa del Campo","Jiloca","44252","-1.2475937","41.1101269","44494"
"Villalba de Perejil","Comunidad de Calatayud","50286","-1.5493155","41.3275363","50333"
"Villalengua","Comunidad de Calatayud","50287","-1.8409774","41.4359579","50216"
"Villamayor de Gállego","D.C. Zaragoza","50903","-0.7711086","41.6871153","50162"
"Villanova","La Ribagorza","22249","0.4617364","42.5472755","22467"
"Villanueva de Gállego","D.C. Zaragoza","50288","-0.8246595","41.7737488","50830"
"Villanueva de Huerva","Campo de Cariñena","50290","-1.0360326","41.3530861","50153"
"Villanueva de Jiloca","Campo de Daroca","50289","-1.3933592","41.0744728","50370"
"Villanueva de Sigena","Los Monegros","22251","-0.0087436","41.7152216","22231"
"Villanueva del Rebollar de la Sierra","Cuencas Mineras","44256","-1.0077659","40.8917954","44223"
"Villanúa","La Jacetania","22250","-0.5375993","42.6794631","22870"
"Villar de los Navarros","Campo de Daroca","50291","-1.0424551","41.1587041","50156"
"Villar del Cobo","Sierra de Albarracín","44257","-1.6727287","40.3953195","44114"
"Villar del Salz","Jiloca","44258","-1.4996863","40.6814336","44311"
"Villarluengo","Maestrazgo","44260","-0.5302133","40.6483838","44559"
"Villarquemado","Comunidad de Teruel","44261","-1.2638318","40.5172748","44380"
"Villarreal de Huerva","Campo de Daroca","50292","-1.2903074","41.1895166","50490"
"Villarroya de la Sierra","Comunidad de Calatayud","50293","-1.7837062","41.4643717","50310"
"Villarroya de los Pinares","Maestrazgo","44262","-0.6684106","40.5292275","44144"
"Villarroya del Campo","Campo de Daroca","50294","-1.3255337","41.1435435","50368"
"Villastar","Comunidad de Teruel","44263","-1.1532964","40.2814363","44130"
"Villel","Comunidad de Teruel","44264","-1.188708","40.2344613","44131"
"Vilueña (La)","Comunidad de Calatayud","50282","-1.7265098","41.2723508","50219"
"Vinaceite","Bajo Martín","44265","-0.5819443","41.2662147","44591"
"Visiedo","Comunidad de Teruel","44266","-1.0981383","40.6840325","44164"
"Vistabella","Campo de Cariñena","50295","-1.1541963","41.2189111","50482"
"Vivel del Río Martín","Cuencas Mineras","44267","-0.9408623","40.8708763","44740"
"Yebra de Basa","Alto Gállego","22252","-0.2822546","42.4859194","22610"
"Yésero","Alto Gállego","22253","-0.2499764","42.6189753","22639"
"Zaida (La)","Ribera Baja del Ebro","50296","-0.4272477","41.325852","50784"
"Zaidín","Baix Cinca","22254","0.2649384","41.6039963","22530"
"Zaragoza","D.C. Zaragoza","50297","-0.8890853","41.6488226",NA
"Zoma (La)","Cuencas Mineras","44268","-0.6195282","40.7835499","44707"
"Zuera","D.C. Zaragoza","50298","-0.7901334","41.8685433","50800"
"Épila","Valdejalón","50099","-1.2674411","41.596716","50290"
